{"cameraMode":{"drawMode":0,"name":"Shaded","section":"Shading Mode"},"sceneLighting":true,"audioPlay":false,"sceneViewState":{"showFog":true,"showMaterialUpdate":false,"showSkybox":true,"showFlares":true,"showImageEffects":true,"showParticleSystems":true},"in2DMode":false,"pivot":{"x":-14.436279296875,"y":45.223876953125,"z":-57.08599853515625},"rotation":{"x":-0.06805544346570969,"y":0.8950777649879456,"z":-0.1465689241886139,"w":-0.41560283303260805},"size":1388.461181640625,"orthographic":false}