{"cameraMode":{"drawMode":0,"name":"Shaded","section":"Shading Mode"},"sceneLighting":true,"audioPlay":false,"sceneViewState":{"showFog":true,"showMaterialUpdate":false,"showSkybox":true,"showFlares":true,"showImageEffects":true,"showParticleSystems":true},"in2DMode":false,"pivot":{"x":-56.99928283691406,"y":-52.400001525878909,"z":-23.160552978515626},"rotation":{"x":0.51350998878479,"y":-0.01801762357354164,"z":0.010783974081277848,"w":0.8578351736068726},"size":618.5027465820313,"orthographic":true}