{"cameraMode":{"drawMode":0,"name":"Shaded","section":"Shading Mode"},"sceneLighting":true,"audioPlay":false,"sceneViewState":{"showFog":true,"showMaterialUpdate":false,"showSkybox":true,"showFlares":true,"showImageEffects":true,"showParticleSystems":true},"in2DMode":false,"pivot":{"x":167.555908203125,"y":6.45916748046875,"z":514.3966674804688},"rotation":{"x":-0.2217041403055191,"y":0.120167076587677,"z":-0.027542397379875184,"w":-0.9672903418540955},"size":2312.266845703125,"orthographic":false}