{"cameraMode":{"drawMode":0,"name":"Shaded","section":"Shading Mode"},"sceneLighting":true,"audioPlay":false,"sceneViewState":{"showFog":true,"showMaterialUpdate":false,"showSkybox":true,"showFlares":true,"showImageEffects":true,"showParticleSystems":true},"in2DMode":false,"pivot":{"x":66.085205078125,"y":-6.829620361328125,"z":-103.73193359375},"rotation":{"x":0.12572702765464784,"y":-0.148225337266922,"z":0.019001873210072519,"w":0.9807456135749817},"size":370.09521484375,"orthographic":false}