{"cameraMode":{"drawMode":0,"name":"Shaded","section":"Shading Mode"},"sceneLighting":true,"audioPlay":false,"sceneViewState":{"showFog":true,"showMaterialUpdate":false,"showSkybox":true,"showFlares":true,"showImageEffects":true,"showParticleSystems":true},"in2DMode":false,"pivot":{"x":-161.88653564453126,"y":299.4432373046875,"z":-90.684326171875},"rotation":{"x":0.12572702765464784,"y":-0.148225337266922,"z":0.019001873210072519,"w":0.9807456135749817},"size":2682.542236328125,"orthographic":false}